"f",0,"True"
"f",0,"True"
"f",0,"True"
"f",0,"True"
"f",0,"True"
"f",0,"True"
"f",0,"True"
"f",0,"True"
"f",0,"True"
"f",0,"True"
"f",0,"True"
"f",0,"True"
"f",0,"True"
"f",0,"True"
"f",0,"True"
"f",0,"True"
"f",0,"True"
"f",0,"True"
"f",0,"True"
"f",0,"True"
"f",0,"True"
"f",0,"True"
"f",0,"True"
"f",0,"True"
"f",0,"True"
"f",0,"True"
"f",0,"True"
"f",0,"True"
"f",0,"True"
"f",0,"True"
"f",0,"True"
"f",0,"True"
"f",0,"True"
"f",0,"True"
"f",0,"True"
"f",0,"True"
"f",0,"True"
"f",0,"True"
"f",0,"True"
"f",0,"True"
"f",0,"True"
"f",0,"True"
"f",0,"True"
"f",0,"True"
"f",0,"True"
"f",0,"True"
"f",0,"True"
"f",0,"True"
"f",0,"True"
"f",0,"True"
"f",0,"True"
"f",0,"True"
"f",0,"True"
"f",0,"True"
"f",0,"True"
"f",0,"True"
"f",0,"True"
"f",0,"True"
"f",0,"True"
"f",0,"True"
"f",0,"True"
"f",0,"True"
"f",0,"True"
"f",0,"True"
"f",0,"True"
"f",0,"True"
"f",0,"True"
"f",0,"True"
"f",0,"True"
"f",0,"True"
"f",0,"True"
"f",0,"True"
"f",0,"True"
"f",0,"True"
"f",0,"True"
"f",0,"True"
"f",0,"True"
"f",0,"True"
"f",0,"True"
"f",0,"True"
"f",0,"True"
"f",0,"True"
"f",0,"True"
"f",0,"True"
"f",0,"True"
"f",0,"True"
"f",0,"True"
"f",0,"True"
"f",0,"True"
"f",0,"True"
"f",0,"True"
"f",0,"True"
"f",0,"True"
"f",0,"True"
"f",0,"True"
"f",0,"True"
"f",0,"True"
"f",0,"True"
"f",0,"True"
"f",0,"True"
"f",0,"True"
"f",0,"True"
"f",0,"True"
"f",0,"True"
"f",0,"True"
"f",0,"True"
"f",0,"True"
"f",0,"True"
"f",0,"True"
"f",0,"True"
"f",0,"True"
"f",0,"True"
"f",0,"True"
"f",0,"True"
"f",0,"True"
"f",0,"True"
"f",0,"True"
"f",0,"True"
"f",0,"True"
"f",0,"True"
"f",0,"True"
"f",0,"True"
"f",0,"True"
"f",0,"True"
"f",0,"True"
"f",0,"True"
"f",0,"True"
"f",0,"True"
"f",0,"True"
"f",0,"True"
"f",0,"True"
"f",0,"True"
"f",0,"True"
"f",0,"True"
"f",0,"True"
"f",0,"True"
"f",0,"True"
"f",0,"True"
"f",0,"True"
"f",0,"True"
"f",0,"True"
"f",0,"True"
"f",0,"True"
"f",0,"True"
"f",0,"True"
"f",0,"True"
"f",0,"True"
"f",0,"True"
"f",0,"True"
"f",0,"True"
"f",0,"True"
"f",0,"True"
"f",0,"True"
"f",0,"True"
"f",0,"True"
"f",0,"True"
"f",0,"True"
"f",0,"True"
"f",0,"True"
"f",0,"True"
"f",0,"True"
"f",0,"True"
"f",0,"True"
"f",0,"True"
"f",0,"True"
"f",0,"True"
"f",0,"True"
"f",0,"True"
"f",0,"True"
"f",0,"True"
"f",0,"True"
"f",0,"True"
"f",0,"True"
"f",0,"True"
"f",0,"True"
"f",0,"True"
"f",0,"True"
"f",0,"True"
"f",0,"True"
"f",0,"True"
"f",0,"True"
"f",0,"True"
"f",0,"True"
"f",0,"True"
"f",0,"True"
"f",0,"True"
"f",0,"True"
"f",0,"True"
"f",0,"True"
"f",0,"True"
"f",0,"True"
"f",0,"True"
"f",0,"True"
"f",0,"True"
"f",0,"True"
"f",0,"True"
"f",0,"True"
"f",0,"True"
"f",0,"True"
"f",0,"True"
"f",0,"True"
"f",0,"True"
"f",0,"True"
"f",0,"True"
"f",0,"True"
"f",0,"True"
"f",0,"True"
"f",0,"True"
"f",0,"True"
"f",0,"True"
"f",0,"True"
"f",0,"True"
"f",0,"True"
"f",0,"True"
"f",0,"True"
"f",0,"True"
"f",0,"True"
"f",0,"True"
"f",0,"True"
"f",0,"True"
"f",0,"True"
"f",0,"True"
"f",0,"True"
"f",0,"True"
"f",0,"True"
"f",0,"True"
"f",0,"True"
"f",0,"True"
"f",0,"True"
"f",0,"True"
"f",0,"True"
"f",0,"True"
"f",0,"True"
"f",0,"True"
"f",0,"True"
"f",5,"True"
"f",5,"True"
"f",5,"True"
"f",5,"True"
"f",5,"True"
"f",5,"True"
"f",5,"True"
"f",5,"True"
"f",5,"True"
"f",5,"True"
"f",5,"True"
"f",5,"True"
"f",5,"True"
"f",5,"True"
"f",5,"True"
"f",5,"True"
"f",5,"True"
"f",5,"True"
"f",5,"True"
"f",5,"True"
"f",5,"True"
"f",5,"True"
"f",5,"True"
"f",5,"True"
"f",5,"True"
"f",5,"True"
"f",5,"True"
"f",5,"True"
"f",5,"True"
"f",5,"True"
"f",5,"True"
"f",5,"True"
"f",5,"True"
"f",5,"True"
"f",5,"True"
"f",5,"True"
"f",5,"True"
"f",5,"True"
"f",5,"True"
"f",5,"True"
"f",5,"True"
"f",5,"True"
"f",5,"True"
"f",5,"True"
"f",5,"True"
"f",5,"True"
"f",5,"True"
"f",5,"True"
"f",5,"True"
"f",5,"True"
"f",5,"True"
"f",5,"True"
"f",5,"True"
"f",5,"True"
"f",5,"True"
"f",5,"True"
"f",5,"True"
"f",5,"True"
"f",5,"True"
"f",5,"True"
"f",5,"True"
"f",5,"True"
"f",5,"True"
"f",5,"True"
"f",5,"True"
"f",5,"True"
"f",5,"True"
"f",5,"True"
"f",5,"True"
"f",5,"True"
"f",5,"True"
"f",5,"True"
"f",5,"True"
"f",5,"True"
"f",5,"True"
"f",5,"True"
"f",5,"True"
"f",5,"True"
"f",5,"True"
"f",5,"True"
"f",5,"True"
"f",5,"True"
"f",5,"True"
"f",5,"True"
"f",5,"True"
"f",5,"True"
"f",5,"True"
"f",5,"True"
"f",5,"True"
"f",5,"True"
"f",5,"True"
"f",5,"True"
"f",5,"True"
"f",5,"True"
"f",5,"True"
"f",5,"True"
"f",5,"True"
"f",5,"True"
"f",5,"True"
"f",5,"True"
"f",5,"True"
"f",5,"True"
"f",5,"True"
"f",5,"True"
"f",5,"True"
"f",5,"True"
"f",5,"True"
"f",5,"True"
"f",5,"True"
"f",5,"True"
"f",5,"True"
"f",5,"True"
"f",5,"True"
"f",5,"True"
"f",5,"True"
"f",5,"True"
"f",5,"True"
"f",5,"True"
"f",5,"True"
"f",5,"True"
"f",5,"True"
"f",5,"True"
"f",5,"True"
"f",5,"True"
"f",5,"True"
"f",5,"True"
"f",5,"True"
"f",5,"True"
"f",5,"True"
"f",5,"True"
"f",5,"True"
"f",5,"True"
"f",5,"True"
"f",5,"True"
"f",5,"True"
"f",5,"True"
"f",5,"True"
"f",5,"True"
"f",5,"True"
"f",5,"True"
"f",5,"True"
"f",5,"True"
"f",5,"True"
"f",5,"True"
"f",5,"True"
"f",5,"True"
"f",5,"True"
"f",5,"True"
"f",5,"True"
"f",5,"True"
"f",5,"True"
"f",5,"True"
"f",5,"True"
"f",5,"True"
"f",5,"True"
"f",5,"True"
"f",5,"True"
"f",5,"True"
"f",5,"True"
"f",5,"True"
"f",5,"True"
"f",5,"True"
"f",5,"True"
"f",5,"True"
"f",5,"True"
"f",5,"True"
"f",5,"True"
"f",5,"True"
"f",5,"True"
"f",5,"True"
"f",5,"True"
"f",5,"True"
"f",5,"True"
"f",5,"True"
"f",5,"True"
"f",5,"True"
"f",5,"True"
"f",5,"True"
"f",5,"True"
"f",5,"True"
"f",5,"True"
"f",5,"True"
"f",5,"True"
"f",5,"True"
"f",5,"True"
"f",5,"True"
"f",5,"True"
"f",5,"True"
"f",5,"True"
"f",5,"True"
"f",5,"True"
"f",5,"True"
"f",5,"True"
"f",5,"True"
"f",5,"True"
"f",5,"True"
"f",5,"True"
"f",5,"True"
"f",5,"True"
"f",5,"True"
"f",5,"True"
"f",5,"True"
"f",5,"True"
"f",5,"True"
"f",5,"True"
"f",5,"True"
"f",5,"True"
"f",5,"True"
"f",5,"True"
"f",5,"True"
"f",5,"True"
"f",5,"True"
"f",5,"True"
"f",5,"True"
"f",5,"True"
"f",5,"True"
"f",5,"True"
"f",5,"True"
"f",5,"True"
"f",5,"True"
"f",5,"True"
"f",5,"True"
"f",5,"True"
"f",5,"True"
"f",5,"True"
"f",5,"True"
"f",5,"True"
"f",5,"True"
"f",5,"True"
"f",5,"True"
"f",5,"True"
"f",5,"True"
"f",5,"True"
"f",5,"True"
"f",5,"True"
"f",5,"True"
"f",5,"True"
"f",5,"True"
"f",5,"True"
"f",5,"True"
"f",5,"True"
"f",5,"True"
"f",5,"True"
"f",5,"True"
"f",5,"True"
"f",5,"True"
"f",5,"True"
"f",5,"True"
"f",5,"True"
"f",5,"True"
"f",5,"True"
"f",5,"True"
"f",5,"True"
"f",5,"True"
"f",5,"True"
"f",5,"True"
"f",5,"True"
"f",5,"True"
"f",5,"True"
"f",5,"True"
"f",5,"True"
"f",5,"True"
"f",5,"True"
"f",5,"True"
"f",5,"True"
"f",5,"True"
"f",5,"True"
"f",5,"True"
"f",5,"True"
"f",5,"True"
"f",5,"True"
"f",5,"True"
"f",5,"True"
"f",5,"True"
"f",5,"True"
"f",5,"True"
"f",5,"True"
"f",5,"True"
"f",5,"True"
"f",5,"True"
"f",5,"True"
"f",5,"True"
"f",5,"True"
"f",5,"True"
"f",5,"True"
"f",5,"True"
"f",5,"True"
"f",5,"True"
"f",5,"True"
"f",5,"True"
"f",5,"True"
"f",5,"True"
"f",5,"True"
"f",5,"True"
"f",5,"True"
"f",5,"True"
"f",5,"True"
"f",5,"True"
"f",5,"True"
"f",5,"True"
"f",5,"True"
"f",5,"True"
"f",5,"True"
"f",5,"True"
"f",5,"True"
"f",5,"True"
"f",5,"True"
"f",5,"True"
"f",5,"True"
"f",5,"True"
"f",5,"True"
"f",5,"True"
"f",5,"True"
"f",5,"True"
"f",5,"True"
"f",5,"True"
"f",5,"True"
"f",5,"True"
"f",5,"True"
"f",5,"True"
"f",5,"True"
"f",5,"True"
"f",5,"True"
"f",5,"True"
"f",5,"True"
"f",5,"True"
"f",5,"True"
"f",5,"True"
"f",5,"True"
"f",5,"True"
"f",5,"True"
"f",5,"True"
"f",5,"True"
"f",5,"True"
"f",5,"True"
"f",5,"True"
"f",5,"True"
"f",5,"True"
"f",5,"True"
"f",5,"True"
"f",5,"True"
"f",5,"True"
"f",5,"True"
"f",5,"True"
"f",5,"True"
"f",5,"True"
"f",5,"True"
"f",5,"True"
"f",5,"True"
"f",5,"True"
"f",5,"True"
"f",5,"True"
"f",5,"True"
"f",5,"True"
"f",5,"True"
"f",5,"True"
"f",5,"True"
"f",5,"True"
"f",5,"True"
"f",5,"True"
"f",5,"True"
"f",5,"True"
"f",5,"True"
"f",5,"True"
"f",5,"True"
"f",5,"True"
"f",5,"True"
"f",5,"True"
"f",5,"True"
"f",5,"True"
"f",5,"True"
"f",5,"True"
"f",5,"True"
"f",5,"True"
"f",5,"True"
"f",5,"True"
"f",5,"True"
"f",5,"True"
"f",5,"True"
"f",5,"True"
"f",5,"True"
"f",5,"True"
"f",5,"True"
"f",5,"True"
"f",5,"True"
"f",5,"True"
"f",5,"True"
"f",5,"True"
"f",5,"True"
"f",5,"True"
"f",5,"True"
"f",5,"True"
"f",5,"True"
"f",5,"True"
"f",5,"True"
"f",5,"True"
"f",5,"True"
"f",5,"True"
"f",5,"True"
"f",5,"True"
"f",5,"True"
"f",5,"True"
"f",5,"True"
"f",5,"True"
"f",5,"True"
"f",5,"True"
"f",5,"True"
"f",5,"True"
"f",5,"True"
"f",5,"True"
"f",5,"True"
"f",5,"True"
"f",5,"True"
"f",5,"True"
"f",5,"True"
"f",5,"True"
"f",5,"True"
"f",5,"True"
"f",5,"True"
"f",5,"True"
"f",5,"True"
"f",5,"True"
"f",5,"True"
"f",5,"True"
"f",5,"True"
"f",5,"True"
"f",5,"True"
"f",5,"True"
"f",5,"True"
"f",5,"True"
"f",5,"True"
"f",5,"True"
"f",5,"True"
"f",5,"True"
"f",5,"True"
"f",5,"True"
"f",5,"True"
"f",5,"True"
"f",5,"True"
"f",5,"True"
"f",5,"True"
"f",5,"True"
"f",5,"True"
"f",5,"True"
"f",5,"True"
"f",5,"True"
"f",5,"True"
"f",5,"True"
"f",5,"True"
"f",5,"True"
"f",5,"True"
"f",5,"True"
"f",5,"True"
"f",5,"True"
"f",5,"True"
"f",5,"True"
"f",5,"True"
"f",5,"True"
"f",5,"True"
"f",5,"True"
"f",5,"True"
"f",5,"True"
"f",5,"True"
"f",5,"True"
"f",5,"True"
"f",5,"True"
"f",5,"True"
"f",5,"True"
"f",5,"True"
"f",5,"True"
"f",5,"True"
"f",5,"True"
"f",5,"True"
"f",5,"True"
"f",5,"True"
"f",5,"True"
"f",5,"True"
"f",5,"True"
"f",5,"True"
"f",5,"True"
"f",5,"True"
"f",5,"True"
"f",5,"True"
"f",5,"True"
"f",5,"True"
"f",5,"True"
"f",5,"True"
"f",5,"True"
"f",5,"True"
"f",5,"True"
"f",5,"True"
"f",5,"True"
"f",5,"True"
"f",5,"True"
"f",5,"True"
"f",10,"True"
"f",10,"True"
"f",10,"True"
"f",10,"True"
"f",10,"True"
"f",10,"True"
"f",10,"True"
"f",10,"True"
"f",10,"True"
"f",10,"True"
"f",10,"True"
"f",10,"True"
"f",10,"True"
"f",10,"True"
"f",10,"True"
"f",10,"True"
"f",10,"True"
"f",10,"True"
"f",10,"True"
"f",10,"True"
"f",10,"True"
"f",10,"True"
"f",10,"True"
"f",10,"True"
"f",10,"True"
"f",10,"True"
"f",10,"True"
"f",10,"True"
"f",10,"True"
"f",10,"True"
"f",10,"True"
"f",10,"True"
"f",10,"True"
"f",10,"True"
"f",10,"True"
"f",10,"True"
"f",10,"True"
"f",10,"True"
"f",10,"True"
"f",10,"True"
"f",10,"True"
"f",10,"True"
"f",10,"True"
"f",10,"True"
"f",10,"True"
"f",10,"True"
"f",10,"True"
"f",10,"True"
"f",10,"True"
"f",10,"True"
"f",10,"True"
"f",10,"True"
"f",10,"True"
"f",10,"True"
"f",10,"True"
"f",10,"True"
"f",10,"True"
"f",10,"True"
"f",10,"True"
"f",10,"True"
"f",10,"True"
"f",10,"True"
"f",10,"True"
"f",10,"True"
"f",10,"True"
"f",10,"True"
"f",10,"True"
"f",10,"True"
"f",10,"True"
"f",10,"True"
"f",10,"True"
"f",10,"True"
"f",10,"True"
"f",10,"True"
"f",10,"True"
"f",10,"True"
"f",10,"True"
"f",10,"True"
"f",10,"True"
"f",10,"True"
"f",10,"True"
"f",10,"True"
"f",10,"True"
"f",10,"True"
"f",10,"True"
"f",10,"True"
"f",10,"True"
"f",10,"True"
"f",10,"True"
"f",10,"True"
"f",10,"True"
"f",10,"True"
"f",10,"True"
"f",10,"True"
"f",10,"True"
"f",10,"True"
"f",10,"True"
"f",10,"True"
"f",10,"True"
"f",10,"True"
"f",10,"True"
"f",10,"True"
"f",10,"True"
"f",10,"True"
"f",10,"True"
"f",10,"True"
"f",10,"True"
"f",10,"True"
"f",10,"True"
"f",10,"True"
"f",10,"True"
"f",10,"True"
"f",10,"True"
"f",10,"True"
"f",10,"True"
"f",10,"True"
"f",10,"True"
"f",10,"True"
"f",10,"True"
"f",10,"True"
"f",10,"True"
"f",10,"True"
"f",10,"True"
"f",10,"True"
"f",10,"True"
"f",10,"True"
"f",10,"True"
"f",10,"True"
"f",10,"True"
"f",10,"True"
"f",10,"True"
"f",10,"True"
"f",10,"True"
"f",10,"True"
"f",10,"True"
"f",10,"True"
"f",10,"True"
"f",10,"True"
"f",10,"True"
"f",10,"True"
"f",10,"True"
"f",10,"True"
"f",10,"True"
"f",10,"True"
"f",10,"True"
"f",10,"True"
"f",10,"True"
"f",10,"True"
"f",10,"True"
"f",10,"True"
"f",10,"True"
"f",10,"True"
"f",10,"True"
"f",10,"True"
"f",10,"True"
"f",10,"True"
"f",10,"True"
"f",10,"True"
"f",10,"True"
"f",10,"True"
"f",10,"True"
"f",10,"True"
"f",10,"True"
"f",10,"True"
"f",10,"True"
"f",10,"True"
"f",10,"True"
"f",10,"True"
"f",10,"True"
"f",10,"True"
"f",10,"True"
"f",10,"True"
"f",10,"True"
"f",10,"True"
"f",10,"True"
"f",10,"True"
"f",10,"True"
"f",10,"True"
"f",10,"True"
"f",10,"True"
"f",10,"True"
"f",10,"True"
"f",10,"True"
"f",10,"True"
"f",10,"True"
"f",10,"True"
"f",10,"True"
"f",10,"True"
"f",10,"True"
"f",10,"True"
"f",10,"True"
"f",10,"True"
"f",10,"True"
"f",10,"True"
"f",10,"True"
"f",10,"True"
"f",10,"True"
"f",10,"True"
"f",10,"True"
"f",10,"True"
"f",10,"True"
"f",10,"True"
"f",10,"True"
"f",10,"True"
"f",10,"True"
"f",10,"True"
"f",10,"True"
"f",10,"True"
"f",10,"True"
"f",10,"True"
"f",10,"True"
"f",10,"True"
"f",10,"True"
"f",10,"True"
"f",10,"True"
"f",10,"True"
"f",10,"True"
"f",10,"True"
"f",10,"True"
"f",10,"True"
"f",10,"True"
"f",10,"True"
"f",10,"True"
"f",10,"True"
"f",10,"True"
"f",10,"True"
"f",10,"True"
"f",10,"True"
"f",10,"True"
"f",10,"True"
"f",10,"True"
"f",10,"True"
"f",10,"True"
"f",10,"True"
"f",10,"True"
"f",10,"True"
"f",10,"True"
"f",10,"True"
"f",10,"True"
"f",10,"True"
"f",10,"True"
"f",10,"True"
"f",10,"True"
"f",10,"True"
"f",10,"True"
"f",10,"True"
"f",10,"True"
"f",10,"True"
"f",10,"True"
"f",10,"True"
"f",10,"True"
"f",10,"True"
"f",10,"True"
"f",10,"True"
"f",10,"True"
"f",15,"True"
"f",15,"True"
"f",15,"True"
"f",15,"True"
"f",15,"True"
"f",15,"True"
"f",15,"True"
"f",15,"True"
"f",15,"True"
"f",15,"True"
"f",15,"True"
"f",15,"True"
"f",15,"True"
"f",15,"True"
"f",15,"True"
"f",15,"True"
"f",15,"True"
"f",15,"True"
"f",15,"True"
"f",15,"True"
"f",15,"True"
"f",15,"True"
"f",15,"True"
"f",15,"True"
"f",15,"True"
"f",15,"True"
"f",15,"True"
"f",15,"True"
"f",15,"True"
"f",15,"True"
"f",15,"True"
"f",15,"True"
"f",15,"True"
"f",15,"True"
"f",15,"True"
"f",15,"True"
"f",15,"True"
"f",15,"True"
"f",15,"True"
"f",15,"True"
"f",15,"True"
"f",15,"True"
"f",15,"True"
"f",15,"True"
"f",15,"True"
"f",15,"True"
"f",15,"True"
"f",15,"True"
"f",15,"True"
"f",15,"True"
"f",15,"True"
"f",15,"True"
"f",15,"True"
"f",15,"True"
"f",15,"True"
"f",15,"True"
"f",15,"True"
"f",15,"True"
"f",15,"True"
"f",15,"True"
"f",15,"True"
"f",15,"True"
"f",15,"True"
"f",15,"True"
"f",15,"True"
"f",15,"True"
"f",15,"True"
"f",15,"True"
"f",15,"True"
"f",15,"True"
"f",15,"True"
"f",15,"True"
"f",15,"True"
"f",15,"True"
"f",15,"True"
"f",15,"True"
"f",15,"True"
"f",15,"True"
"f",15,"True"
"f",15,"True"
"f",15,"True"
"f",15,"True"
"f",15,"True"
"f",15,"True"
"f",15,"True"
"f",15,"True"
"f",15,"True"
"f",15,"True"
"f",15,"True"
"f",15,"True"
"f",15,"True"
"f",15,"True"
"f",15,"True"
"f",15,"True"
"f",15,"True"
"f",15,"True"
"f",15,"True"
"f",15,"True"
"f",15,"True"
"f",15,"True"
"f",15,"True"
"f",15,"True"
"f",15,"True"
"f",15,"True"
"f",15,"True"
"f",15,"True"
"f",15,"True"
"f",15,"True"
"f",15,"True"
"f",15,"True"
"f",15,"True"
"f",15,"True"
"f",15,"True"
"f",15,"True"
"f",15,"True"
"f",15,"True"
"f",15,"True"
"f",15,"True"
"f",15,"True"
"f",15,"True"
"f",15,"True"
"f",15,"True"
"f",15,"True"
"f",15,"True"
"f",15,"True"
"f",15,"True"
"f",15,"True"
"f",15,"True"
"f",15,"True"
"f",15,"True"
"f",15,"True"
"f",15,"True"
"f",15,"True"
"f",15,"True"
"f",15,"True"
"f",15,"True"
"f",15,"True"
"f",15,"True"
"f",15,"True"
"f",15,"True"
"f",15,"True"
"f",15,"True"
"f",15,"True"
"f",15,"True"
"f",15,"True"
"f",15,"True"
"f",15,"True"
"f",15,"True"
"f",15,"True"
"f",15,"True"
"f",15,"True"
"f",15,"True"
"f",15,"True"
"f",15,"True"
"f",15,"True"
"f",15,"True"
"f",15,"True"
"f",15,"True"
"f",15,"True"
"f",15,"True"
"f",15,"True"
"f",15,"True"
"f",15,"True"
"f",15,"True"
"f",15,"True"
"f",15,"True"
"f",15,"True"
"f",15,"True"
"f",15,"True"
"f",15,"True"
"f",15,"True"
"f",15,"True"
"f",15,"True"
"f",15,"True"
"f",15,"True"
"f",15,"True"
"f",15,"True"
"f",15,"True"
"f",15,"True"
"f",15,"True"
"f",15,"True"
"f",15,"True"
"f",15,"True"
"f",20,"True"
"f",20,"True"
"f",20,"True"
"f",20,"True"
"f",20,"True"
"f",20,"True"
"f",20,"True"
"f",20,"True"
"f",20,"True"
"f",20,"True"
"f",20,"True"
"f",20,"True"
"f",20,"True"
"f",20,"True"
"f",20,"True"
"f",20,"True"
"f",20,"True"
"f",20,"True"
"f",20,"True"
"f",20,"True"
"f",20,"True"
"f",20,"True"
"f",20,"True"
"f",20,"True"
"f",20,"True"
"f",20,"True"
"f",20,"True"
"f",20,"True"
"f",20,"True"
"f",20,"True"
"f",20,"True"
"f",20,"True"
"f",20,"True"
"f",20,"True"
"f",20,"True"
"f",20,"True"
"f",20,"True"
"f",20,"True"
"f",20,"True"
"f",20,"True"
"f",20,"True"
"f",20,"True"
"f",20,"True"
"f",20,"True"
"f",20,"True"
"f",20,"True"
"f",20,"True"
"f",20,"True"
"f",20,"True"
"f",20,"True"
"f",20,"True"
"f",20,"True"
"f",20,"True"
"f",20,"True"
"f",20,"True"
"f",20,"True"
"f",20,"True"
"f",20,"True"
"f",20,"True"
"f",20,"True"
"f",20,"True"
"f",20,"True"
"f",20,"True"
"f",20,"True"
"f",20,"True"
"f",20,"True"
"f",20,"True"
"f",20,"True"
"f",20,"True"
"f",20,"True"
"f",20,"True"
"f",20,"True"
"f",20,"True"
"f",20,"True"
"f",20,"True"
"f",20,"True"
"f",20,"True"
"f",20,"True"
"f",20,"True"
"f",20,"True"
"f",20,"True"
"f",20,"True"
"f",20,"True"
"f",20,"True"
"f",20,"True"
"f",20,"True"
"f",20,"True"
"f",20,"True"
"f",20,"True"
"f",20,"True"
"f",20,"True"
"f",20,"True"
"f",20,"True"
"f",20,"True"
"f",20,"True"
"f",20,"True"
"f",20,"True"
"f",20,"True"
"f",20,"True"
"f",20,"True"
"f",20,"True"
"f",20,"True"
"f",20,"True"
"f",20,"True"
"f",20,"True"
"f",20,"True"
"f",20,"True"
"f",20,"True"
"f",20,"True"
"f",20,"True"
"f",20,"True"
"f",20,"True"
"f",20,"True"
"f",20,"True"
"f",20,"True"
"f",20,"True"
"f",20,"True"
"f",20,"True"
"f",20,"True"
"f",20,"True"
"f",20,"True"
"f",20,"True"
"f",20,"True"
"f",20,"True"
"f",20,"True"
"f",20,"True"
"f",20,"True"
"f",20,"True"
"f",20,"True"
"f",20,"True"
"f",20,"True"
"f",20,"True"
"f",20,"True"
"f",20,"True"
"f",20,"True"
"f",20,"True"
"f",20,"True"
"f",20,"True"
"f",20,"True"
"f",20,"True"
"f",20,"True"
"f",20,"True"
"f",20,"True"
"f",20,"True"
"f",20,"True"
"f",20,"True"
"f",20,"True"
"f",20,"True"
"f",20,"True"
"f",20,"True"
"f",20,"True"
"f",20,"True"
"f",20,"True"
"f",20,"True"
"f",20,"True"
"f",20,"True"
"f",20,"True"
"f",25,"True"
"f",25,"True"
"f",25,"True"
"f",25,"True"
"f",25,"True"
"f",25,"True"
"f",25,"True"
"f",25,"True"
"f",25,"True"
"f",25,"True"
"f",25,"True"
"f",25,"True"
"f",25,"True"
"f",25,"True"
"f",25,"True"
"f",25,"True"
"f",25,"True"
"f",25,"True"
"f",25,"True"
"f",25,"True"
"f",25,"True"
"f",25,"True"
"f",25,"True"
"f",25,"True"
"f",25,"True"
"f",25,"True"
"f",25,"True"
"f",25,"True"
"f",25,"True"
"f",25,"True"
"f",25,"True"
"f",25,"True"
"f",25,"True"
"f",25,"True"
"f",25,"True"
"f",25,"True"
"f",25,"True"
"f",25,"True"
"f",25,"True"
"f",25,"True"
"f",25,"True"
"f",25,"True"
"f",25,"True"
"f",25,"True"
"f",25,"True"
"f",25,"True"
"f",25,"True"
"f",25,"True"
"f",25,"True"
"f",25,"True"
"f",25,"True"
"f",25,"True"
"f",25,"True"
"f",25,"True"
"f",25,"True"
"f",25,"True"
"f",25,"True"
"f",25,"True"
"f",25,"True"
"f",25,"True"
"f",25,"True"
"f",25,"True"
"f",25,"True"
"f",25,"True"
"f",25,"True"
"f",25,"True"
"f",25,"True"
"f",25,"True"
"f",25,"True"
"f",25,"True"
"f",25,"True"
"f",25,"True"
"f",25,"True"
"f",25,"True"
"f",25,"True"
"f",25,"True"
"f",25,"True"
"f",25,"True"
"f",25,"True"
"f",25,"True"
"f",25,"True"
"f",25,"True"
"f",25,"True"
"f",25,"True"
"f",25,"True"
"f",25,"True"
"f",25,"True"
"f",25,"True"
"f",25,"True"
"f",25,"True"
"f",25,"True"
"f",25,"True"
"f",25,"True"
"f",25,"True"
"f",25,"True"
"f",25,"True"
"f",25,"True"
"f",25,"True"
"f",25,"True"
"f",25,"True"
"f",25,"True"
"f",25,"True"
"f",25,"True"
"f",25,"True"
"f",25,"True"
"f",25,"True"
"f",25,"True"
"f",25,"True"
"f",25,"True"
"f",25,"True"
"f",25,"True"
"f",25,"True"
"f",25,"True"
"f",25,"True"
"f",30,"True"
"f",30,"True"
"f",30,"True"
"f",30,"True"
"f",30,"True"
"f",30,"True"
"f",30,"True"
"f",30,"True"
"f",30,"True"
"f",30,"True"
"f",30,"True"
"f",30,"True"
"f",30,"True"
"f",30,"True"
"f",30,"True"
"f",30,"True"
"f",30,"True"
"f",30,"True"
"f",30,"True"
"f",30,"True"
"f",30,"True"
"f",30,"True"
"f",30,"True"
"f",30,"True"
"f",30,"True"
"f",30,"True"
"f",30,"True"
"f",30,"True"
"f",30,"True"
"f",30,"True"
"f",30,"True"
"f",30,"True"
"f",30,"True"
"f",30,"True"
"f",30,"True"
"f",30,"True"
"f",30,"True"
"f",30,"True"
"f",30,"True"
"f",30,"True"
"f",30,"True"
"f",30,"True"
"f",30,"True"
"f",30,"True"
"f",30,"True"
"f",30,"True"
"f",30,"True"
"f",30,"True"
"f",30,"True"
"f",30,"True"
"f",30,"True"
"f",30,"True"
"f",30,"True"
"f",30,"True"
"f",30,"True"
"f",30,"True"
"f",30,"True"
"f",30,"True"
"f",30,"True"
"f",30,"True"
"f",30,"True"
"f",30,"True"
"f",30,"True"
"f",30,"True"
"f",30,"True"
"f",30,"True"
"f",30,"True"
"f",30,"True"
"f",30,"True"
"f",30,"True"
"f",30,"True"
"f",30,"True"
"f",30,"True"
"f",30,"True"
"f",30,"True"
"f",30,"True"
"f",30,"True"
"f",30,"True"
"f",30,"True"
"f",30,"True"
"f",30,"True"
"f",30,"True"
"f",30,"True"
"f",30,"True"
"f",30,"True"
"f",30,"True"
"f",30,"True"
"f",30,"True"
"f",30,"True"
"f",30,"True"
"f",30,"True"
"f",30,"True"
"f",30,"True"
"f",30,"True"
"f",30,"True"
"f",30,"True"
"f",30,"True"
"f",30,"True"
"f",30,"True"
"f",35,"True"
"f",35,"True"
"f",35,"True"
"f",35,"True"
"f",35,"True"
"f",35,"True"
"f",35,"True"
"f",35,"True"
"f",35,"True"
"f",35,"True"
"f",35,"True"
"f",35,"True"
"f",35,"True"
"f",35,"True"
"f",35,"True"
"f",35,"True"
"f",35,"True"
"f",35,"True"
"f",35,"True"
"f",35,"True"
"f",35,"True"
"f",35,"True"
"f",35,"True"
"f",35,"True"
"f",35,"True"
"f",35,"True"
"f",35,"True"
"f",35,"True"
"f",35,"True"
"f",35,"True"
"f",35,"True"
"f",35,"True"
"f",35,"True"
"f",35,"True"
"f",35,"True"
"f",35,"True"
"f",35,"True"
"f",35,"True"
"f",35,"True"
"f",35,"True"
"f",35,"True"
"f",35,"True"
"f",35,"True"
"f",35,"True"
"f",35,"True"
"f",35,"True"
"f",35,"True"
"f",35,"True"
"f",35,"True"
"f",35,"True"
"f",35,"True"
"f",35,"True"
"f",35,"True"
"f",35,"True"
"f",35,"True"
"f",35,"True"
"f",35,"True"
"f",35,"True"
"f",35,"True"
"f",35,"True"
"f",35,"True"
"f",35,"True"
"f",35,"True"
"f",35,"True"
"f",35,"True"
"f",35,"True"
"f",35,"True"
"f",35,"True"
"f",35,"True"
"f",35,"True"
"f",35,"True"
"f",35,"True"
"f",35,"True"
"f",35,"True"
"f",35,"True"
"f",35,"True"
"f",35,"True"
"f",35,"True"
"f",35,"True"
"f",35,"True"
"f",35,"True"
"f",35,"True"
"f",35,"True"
"f",35,"True"
"f",40,"True"
"f",40,"True"
"f",40,"True"
"f",40,"True"
"f",40,"True"
"f",40,"True"
"f",40,"True"
"f",40,"True"
"f",40,"True"
"f",40,"True"
"f",40,"True"
"f",40,"True"
"f",40,"True"
"f",40,"True"
"f",40,"True"
"f",40,"True"
"f",40,"True"
"f",40,"True"
"f",40,"True"
"f",40,"True"
"f",40,"True"
"f",40,"True"
"f",40,"True"
"f",40,"True"
"f",40,"True"
"f",40,"True"
"f",40,"True"
"f",40,"True"
"f",40,"True"
"f",40,"True"
"f",40,"True"
"f",40,"True"
"f",40,"True"
"f",40,"True"
"f",40,"True"
"f",40,"True"
"f",40,"True"
"f",40,"True"
"f",40,"True"
"f",40,"True"
"f",40,"True"
"f",40,"True"
"f",40,"True"
"f",40,"True"
"f",40,"True"
"f",40,"True"
"f",40,"True"
"f",40,"True"
"f",40,"True"
"f",40,"True"
"f",40,"True"
"f",40,"True"
"f",40,"True"
"f",40,"True"
"f",40,"True"
"f",40,"True"
"f",40,"True"
"f",40,"True"
"f",40,"True"
"f",40,"True"
"f",40,"True"
"f",40,"True"
"f",40,"True"
"f",40,"True"
"f",40,"True"
"f",40,"True"
"f",40,"True"
"f",40,"True"
"f",40,"True"
"f",40,"True"
"f",40,"True"
"f",40,"True"
"f",45,"True"
"f",45,"True"
"f",45,"True"
"f",45,"True"
"f",45,"True"
"f",45,"True"
"f",45,"True"
"f",45,"True"
"f",45,"True"
"f",45,"True"
"f",45,"True"
"f",45,"True"
"f",45,"True"
"f",45,"True"
"f",45,"True"
"f",45,"True"
"f",45,"True"
"f",45,"True"
"f",45,"True"
"f",45,"True"
"f",45,"True"
"f",45,"True"
"f",45,"True"
"f",45,"True"
"f",45,"True"
"f",45,"True"
"f",45,"True"
"f",45,"True"
"f",45,"True"
"f",45,"True"
"f",45,"True"
"f",45,"True"
"f",45,"True"
"f",45,"True"
"f",45,"True"
"f",45,"True"
"f",45,"True"
"f",45,"True"
"f",45,"True"
"f",45,"True"
"f",45,"True"
"f",45,"True"
"f",45,"True"
"f",45,"True"
"f",45,"True"
"f",45,"True"
"f",45,"True"
"f",45,"True"
"f",45,"True"
"f",45,"True"
"f",50,"True"
"f",50,"True"
"f",50,"True"
"f",50,"True"
"f",50,"True"
"f",50,"True"
"f",50,"True"
"f",50,"True"
"f",50,"True"
"f",50,"True"
"f",50,"True"
"f",50,"True"
"f",50,"True"
"f",50,"True"
"f",50,"True"
"f",50,"True"
"f",50,"True"
"f",50,"True"
"f",50,"True"
"f",50,"True"
"f",50,"True"
"f",50,"True"
"f",50,"True"
"f",50,"True"
"f",50,"True"
"f",50,"True"
"f",50,"True"
"f",50,"True"
"f",50,"True"
"f",50,"True"
"f",50,"True"
"f",50,"True"
"f",50,"True"
"f",50,"True"
"f",50,"True"
"f",50,"True"
"f",50,"True"
"f",50,"True"
"f",50,"True"
"f",50,"True"
"f",50,"True"
"f",50,"True"
"f",50,"True"
"f",50,"True"
"f",50,"True"
"f",50,"True"
"f",50,"True"
"f",50,"True"
"f",50,"True"
"f",55,"True"
"f",55,"True"
"f",55,"True"
"f",55,"True"
"f",55,"True"
"f",55,"True"
"f",55,"True"
"f",55,"True"
"f",55,"True"
"f",55,"True"
"f",55,"True"
"f",55,"True"
"f",55,"True"
"f",55,"True"
"f",55,"True"
"f",55,"True"
"f",55,"True"
"f",55,"True"
"f",55,"True"
"f",55,"True"
"f",55,"True"
"f",55,"True"
"f",55,"True"
"f",55,"True"
"f",55,"True"
"f",55,"True"
"f",55,"True"
"f",55,"True"
"f",55,"True"
"f",60,"True"
"f",60,"True"
"f",60,"True"
"f",60,"True"
"f",60,"True"
"f",60,"True"
"f",60,"True"
"f",60,"True"
"f",60,"True"
"f",60,"True"
"f",60,"True"
"f",60,"True"
"f",60,"True"
"f",60,"True"
"f",60,"True"
"f",60,"True"
"f",60,"True"
"f",65,"True"
"f",65,"True"
"f",65,"True"
"f",65,"True"
"f",65,"True"
"f",65,"True"
"f",65,"True"
"f",65,"True"
"f",65,"True"
"f",65,"True"
"f",70,"True"
"f",70,"True"
"f",70,"True"
"f",70,"True"
"f",70,"True"
"f",75,"True"
"f",75,"True"
"f",75,"True"
"f",75,"True"
